{"cameraMode":{"drawMode":0,"name":"Shaded","section":"Shading Mode"},"sceneLighting":true,"audioPlay":false,"sceneViewState":{"showFog":true,"showMaterialUpdate":false,"showSkybox":true,"showFlares":true,"showImageEffects":true,"showParticleSystems":true},"in2DMode":false,"pivot":{"x":5.9197869300842289,"y":2.2932212352752687,"z":-0.7158803939819336},"rotation":{"x":0.017666496336460115,"y":0.9766859412193298,"z":-0.08844451606273651,"w":0.19506552815437318},"size":13.38213062286377,"orthographic":false}